sex,hb,pcv,rbc,mcv,mch,mchc,rdw,hba,hba2,hbf
1,14.9,42.8,5.29,81.5,28.4,34.8,12.9,84.86458621,2.679310345,0.537931034
1,9.9,33.12,4.78,64.6,20.7,32.0,15.0,87.5,3.1,0.3
1,11.1,34.7,5.21,67.5,21.3,32.0,16.6,86.4,2.7,1.0
1,13.9,43.0,4.97,86.9,28.1,32.3,11.9,84.86458621,2.679310345,0.537931034
0,13.7,41.7,4.88,85.5,28.5,33.3,14.82765957,86.52329114,2.588607595,0.769230769
1,9.4,30.2,4.61,65.5,20.4,21.1,20.0,85.7,2.9,0.8
1,15.4,35.87640449,6.35,73.6,24.6,32.9,14.7,86.52329114,2.588607595,0.769230769
0,9.7,33.4,4.65,71.8,20.9,29.1,19.1,85.2,2.3,0.5
0,10.9,32.2,3.86,83.2,28.1,33.8,12.7,82.2,2.4,5.8
1,13.7,42.7,4.75,89.8,28.9,32.2,11.8,86.52329114,2.588607595,0.769230769
0,10.4,33.3,5.25,63.3,19.4,31.4,16.4,87.6,2.9,0.1
1,13.0,35.87640449,6.11,67.6,21.3,30.7,14.82765957,87.5,2.6,0.3
1,13.9,45.3,4.95,80.7,18.6,30.7,14.9,84.7,2.9,0.5
1,10.5,30.8,4.89,63.0,21.5,34.1,16.0,87.0,2.3,0.3
0,11.1,36.1,5.19,69.7,21.3,30.7,16.4,87.4,2.6,0.3
0,10.7,33.8,4.67,72.4,22.9,31.7,14.4,86.9,2.7,0.4
0,8.7,26.0,4.05,65.0,21.0,33.0,17.1,86.9,2.3,0.2
1,14.6,42.7,5.44,78.5,26.8,34.2,12.6,86.52329114,2.588607595,0.769230769
0,10.6,32.4,5.02,64.6,21.4,33.4,15.0,87.33142857,2.474285714,0.560909091
0,12.1,38.6,4.87,79.3,24.8,31.3,12.7,86.52329114,2.588607595,0.769230769
1,10.9,33.7,4.32,77.9,25.3,25.3,16.4,87.0,2.5,0.5
0,11.2,34.4,5.36,64.2,20.9,32.6,15.5,87.33142857,2.474285714,0.560909091
0,10.8,35.2,5.12,68.7,21.2,30.8,13.4,88.5,2.6,0.11
1,13.0,38.0,4.73,83.0,30.0,37.0,15.0,88.0,2.6,0.5
0,14.0,38.9,4.73,82.2,29.6,36.0,13.0,84.86458621,2.679310345,0.537931034
0,11.3,35.9,4.71,76.0,24.0,31.5,14.0,86.52329114,2.588607595,0.769230769
0,10.8,35.2,5.12,68.7,21.2,30.8,13.4,88.5,2.6,0.1
1,10.0,28.6,5.85,48.9,11.1,31.1,22.8,87.5,2.5,0.7
1,12.5,37.8,4.48,84.5,27.9,33.0,12.4,84.86458621,2.679310345,0.537931034
0,11.5,36.9,4.66,79.2,24.6,31.1,13.2,85.4,2.7,0.8
1,13.6,35.87640449,6.7,65.6,20.0,30.5,14.82765957,87.6,2.3,0.2
1,15.2,35.87640449,6.09,72.6,25.0,34.4,12.2,87.3,2.6,0.3
1,13.4,41.6,5.9,80.5,28.0,33.2,15.3,86.6,2.6,0.4
0,12.3,38.0,4.23,89.8,28.9,32.2,14.0,84.86458621,2.679310345,0.537931034
1,12.0,33.3,4.09,78.0,30.0,36.3,14.8,84.86458621,2.679310345,0.537931034
0,13.1,40.63653846,4.21,87.2,31.2,33.4462963,13.58163265,87.2,2.7,0.2
1,14.1,40.7,4.84,84.1,29.1,34.6,13.0,97.7,2.3,0.0
1,11.6,36.4,5.07,71.88,23.0,32.0,13.6,81.3,2.8,2.2
1,11.9,33.2,4.75,70.0,23.3,33.2,14.6,81.3,2.7,3.0
1,13.6,42.0,5.7,73.7,23.9,32.4,13.0,87.0,3.0,0.0
1,11.6,35.1,5.37,65.4,21.6,33.0,17.0,85.7,2.7,1.5
1,11.2,34.0,4.9,70.0,23.0,33.0,13.0,86.52329114,2.588607595,0.769230769
0,11.0,32.5,4.13,76.7,26.6,33.8,15.8,88.6,2.8,0.1
1,10.8,32.0,5.23,61.2,20.7,33.8,14.5,85.7,2.4,0.0
0,12.8,38.4,4.77,80.5,26.8,33.3,13.7,84.86458621,2.679310345,0.537931034
1,13.0,38.1,4.36,87.3,29.8,34.1,13.6,84.86458621,2.679310345,0.537931034
1,11.5,35.1,4.8,73.0,23.8,32.7,16.3,88.0,2.5,1.0
1,11.1,34.2,5.09,67.3,21.8,32.4,15.3,86.9,2.3,0.9
1,10.9,35.0,5.6,62.6,19.4,31.1,15.8,85.7,2.5,0.4
0,12.2,35.5,4.86,73.1,25.2,34.5,13.1,87.4,2.6,0.3
0,13.9,43.7,5.58,78.3,24.9,31.8,13.5,87.7,2.4,0.2
1,13.3,33.12,6.42,67.6,20.7,30.7,16.64243243,86.0,2.6,0.560909091
1,11.6,37.6,5.4,69.6,21.4,30.8,13.77,87.2,0.3,0.9
0,13.6,41.2,5.22,78.9,26.1,33.0,14.5,89.2,2.8,0.3
0,8.8,30.5,4.89,62.4,17.9,28.8,15.2,86.9,2.4,1.4
1,16.7,51.1,5.7,88.5,28.9,32.7,12.4,84.86458621,2.679310345,0.537931034
1,10.6,35.87640449,5.55,58.8,18.7,31.9,16.6,86.52329114,2.588607595,0.769230769
1,13.4,42.6,5.13,83.0,26.2,31.6,12.0,84.86458621,2.679310345,0.537931034
0,10.5,32.4,5.0,64.8,21.0,32.4,14.7,88.5,2.9,0.6
1,13.8,41.2,5.5,75.0,25.0,33.4,11.5,87.4,2.6,0.1
1,12.5,42.4,5.19,81.7,24.0,29.4,13.6,86.1,2.7,0.2
0,13.0,38.2,4.32,88.5,30.0,34.0,13.1,87.8,2.5,0.1
1,15.1,46.5,5.67,82.0,26.6,32.5,13.5,87.77,2.4,0.3
0,10.2,35.87640449,5.061346154,72.54692308,24.1,32.23942308,14.82765957,88.8,2.5,1.3
1,11.4,39.1,4.98,69.5,22.9,32.9,16.0,88.0,2.2,0.4
0,12.4,37.9,4.77,79.4,26.0,32.8,12.2,88.1,2.8,0.7
1,12.3,37.9,5.4,67.2,21.8,32.5,14.8,86.8,2.5,0.0
1,15.5,43.9,5.96,80.4,28.4,35.3,12.0,84.86458621,2.679310345,0.537931034
0,11.7,36.0,4.38,82.2,26.7,32.5,12.0,86.52329114,2.588607595,0.769230769
1,12.5,37.0,5.47,67.8,22.8,33.7,17.0,85.4,2.7,0.8
1,10.9,33.7,5.0,67.4,21.8,32.3,16.0,88.0,2.0,0.3
1,14.0,39.1,4.98,78.6,28.1,35.8,12.5,87.1,2.5,0.0
1,14.3,45.6,5.75,79.3,24.9,32.8,13.2,86.52329114,2.588607595,0.769230769
0,12.3,38.6,4.66,82.9,26.4,31.8,14.0,86.52329114,2.588607595,0.769230769
1,14.2,44.2,5.45,82.0,26.1,32.2,12.8,86.8,2.3,0.2
0,12.0,35.6,5.025,69.3,35.6,33.7,13.4,87.33142857,2.474285714,0.560909091
1,15.4,43.8,4.85,90.4,31.4,35.1,12.3,84.86458621,2.679310345,0.537931034
1,13.8,40.0,4.9,85.5,28.2,32.5,16.3,87.9,2.6,0.2
1,11.5,34.4,5.02,68.7,22.9,33.4,15.7,86.3,2.4,1.3
1,14.1,40.63653846,4.63,83.2,30.4,36.9,13.58163265,86.803,3.0,0.2
1,15.4,43.6,5.37,81.2,28.7,35.3,13.7,84.86458621,2.679310345,0.537931034
0,11.6,36.0,4.69,77.0,25.0,32.2,13.3,86.6,2.5,0.1
1,11.1,32.2,4.39,78.5,25.2,34.4,13.7,84.86458621,2.679310345,0.537931034
0,12.6,39.1,4.64,84.1,27.7,32.3,12.0,84.86458621,2.679310345,0.537931034
0,11.8,35.4,4.62,76.7,25.6,33.4,14.82765957,84.7,2.6,0.5
0,12.6,37.8,6.02,68.3,20.9,30.7,14.3,86.9,2.8,0.2
0,13.1,39.2,4.9,87.6,31.3,35.5,14.3,88.8,1.7,0.2
0,8.8,26.5,3.81,69.6,23.0,33.0,14.7,86.52329114,2.588607595,0.769230769
1,12.0,34.2,4.5,75.9,26.6,35.0,12.5,86.52329114,2.588607595,0.769230769
1,10.3,32.0,4.75,67.5,21.6,32.1,16.4,97.2,2.8,0.0
1,14.1,35.87640449,5.88,75.0,24.0,31.9,13.2,87.2,2.6,0.4
0,9.6,29.8,4.3,69.3,22.4,32.3,16.4,85.0,2.8,1.0
1,13.0,39.3,4.86,81.0,26.7,33.0,12.8,87.7,2.3,0.2
0,12.3,37.2,5.72,65.0,21.5,33.1,17.8,87.1,2.5,0.0
0,10.5,32.0,5.24,61.0,20.0,32.8,14.3,87.4,3.0,0.1
1,15.0,35.87640449,5.59,86.3,26.8,31.1,12.8,86.52329114,2.588607595,0.769230769
0,12.5,37.1,4.72,78.6,26.6,33.8,13.3,87.1,2.8,0.3
1,12.5,34.4,4.9,84.3,24.8,36.3,14.6,86.0,2.7,0.5
0,10.2,31.1,4.21,73.8,24.1,32.7,16.3,86.0,2.7,1.9
0,12.2,35.87640449,4.69,73.0,26.1,35.8,14.82765957,86.52329114,2.588607595,0.769230769
0,14.2,43.2,5.14,85.0,27.5,32.4,11.8,87.9,2.9,0.1
1,8.8,27.3,3.84,71.1,22.9,32.2,13.4,89.7,2.3,0.1
1,14.4,44.5,5.7,78.0,25.3,31.2,15.0,86.52329114,2.588607595,0.769230769
1,11.7,36.4,5.8,62.8,20.2,32.1,16.6,84.8,2.2,2.6
0,12.8,40.7,5.69,71.5,22.6,31.6,15.2,87.44,2.5,0.3
0,11.4,36.5,5.23,69.8,21.8,31.3,15.9,85.7,2.7,0.7
0,11.6,36.0,5.2,69.2,22.3,32.2,14.82765957,87.9,2.6,0.1
0,12.2,37.0,5.75,64.3,21.2,33.0,15.6,88.4,2.5,0.2
1,11.2,37.2,5.43,68.5,20.6,30.1,15.1,86.52329114,2.588607595,0.769230769
1,11.3,34.5,5.29,65.1,21.4,32.8,13.0,86.1,3.1,0.2
0,12.6,38.9,4.59,84.7,27.5,32.4,14.7,87.4,2.2,0.4
1,12.5,38.0,4.55,83.4,27.4,32.9,13.4,87.7,2.5,0.2
0,12.9,36.1,4.43,81.5,29.1,35.7,12.5,84.86458621,2.679310345,0.537931034
1,14.1,44.6,5.14,86.7,27.6,31.9,13.2,86.52329114,2.588607595,0.769230769
1,15.9,46.9,5.6,82.4,27.9,33.9,13.58163265,84.86458621,2.679310345,0.537931034
0,13.0,35.87640449,4.92,84.1,26.4,31.4,14.82765957,86.52329114,2.588607595,0.769230769
1,15.8,48.4,6.04,80.1,26.1,32.6,12.4,87.1,2.8,0.2
0,13.8,35.87640449,5.81,74.0,23.7,31.6,11.8,87.1,2.6,0.1
0,10.2,32.1,4.05,79.3,25.1,31.7,16.1,90.0,2.2,0.6
0,11.5,35.87640449,6.0,59.0,19.0,31.9,15.5,84.1,2.6,2.7
1,7.6,22.1,2.41,91.7,31.5,34.4,16.64243243,85.3,2.2,0.5
0,12.9,40.63653846,4.89,82.4,30.3,33.8,13.58163265,87.3,2.5,0.4
1,15.2,47.3,5.57,84.9,27.3,32.1,13.0,87.6,2.6,0.2
1,14.3,39.1,5.05,77.5,28.3,36.6,13.58163265,84.86458621,2.679310345,0.537931034
0,11.2,36.5,5.58,65.4,20.1,30.7,16.1,85.3,2.8,0.2
0,10.1,30.9,5.1,65.2,21.2,32.6,16.6,85.2,2.4,3.0
0,12.2,33.12,5.96,65.6,20.5,31.2,20.1,87.0,2.5,0.560909091
1,10.1,31.8,4.1,77.5,24.7,31.8,13.1,83.6,2.7,4.8
1,9.8,29.8,4.75,62.7,19.0,30.4,14.7,85.1,2.4,1.1
1,12.7,39.1,5.8,63.4,21.9,32.5,14.7,86.1,3.0,0.3
1,12.2,37.6,5.49,68.6,22.3,32.4,15.6,86.0,2.5,0.6
1,12.1,41.5,5.5,75.5,23.8,31.6,14.1,84.86458621,2.679310345,0.537931034
1,9.6,32.6,4.58,71.3,20.9,29.4,18.4,86.4,2.5,0.5
0,9.1,29.2,4.38,61.9,19.3,31.1,16.1,68.0,0.8,0.0
0,13.3,35.87640449,5.09,80.6,26.1,32.4,14.82765957,86.6,2.5,0.4
0,11.9,36.2,4.56,79.3,26.1,32.9,14.3,94.5,3.1,0.3
1,14.5,43.5,5.17,84.0,28.0,33.4,12.1,86.8,2.8,0.3
0,8.7,31.4,4.7,65.1,17.9,27.5,17.0,87.0,2.5,0.5
0,9.2,30.5,5.24,58.2,17.6,30.2,19.2,88.4,2.2,0.1
1,9.6,33.12,6.52,57.2,14.7,25.7,17.4,87.33142857,2.474285714,0.560909091
1,12.2,37.2,4.44,83.8,27.5,32.8,14.82765957,86.52329114,2.588607595,0.769230769
0,10.9,33.1,5.84,56.7,18.7,32.9,15.2,86.4,2.4,0.7
1,14.7,45.0,5.5,81.0,26.7,32.6,11.7,84.86458621,2.679310345,0.537931034
0,8.8,29.2,5.11,57.9,17.2,29.7,22.7,87.7,2.0,0.3
1,10.1,31.8,4.35,73.3,23.2,31.7,18.0,84.7,3.3,0.5
1,13.2,40.63653846,4.11,91.0,32.1,35.3,13.58163265,85.8,2.4,0.3
0,8.2,24.4,5.13,47.7,16.0,33.5,28.8,98.4,1.6,0.0
1,12.3,37.0,4.87,76.0,25.3,33.3,15.9,86.6,3.1,0.2
0,11.9,36.6,5.59,65.5,20.6,31.5,17.0,85.7,2.9,1.7
0,11.9,38.6,5.4,71.1,21.9,30.8,14.8,86.52329114,2.588607595,0.769230769
1,12.0,36.5,5.53,66.0,21.6,32.8,14.9,86.1,2.8,0.5
0,10.9,33.5,5.03,66.6,21.7,32.5,16.0,86.52329114,2.588607595,0.769230769
0,10.5,34.0,5.05,67.5,20.7,30.8,16.3,86.5,2.8,0.3
1,11.0,32.8,4.57,71.8,24.1,33.6,18.3,85.0,2.9,0.8
1,15.3,46.9,5.2,90.2,29.5,32.7,12.7,86.7,2.6,0.2
1,11.5,34.2,5.01,68.3,23.0,33.7,15.7,85.0,2.5,2.7
0,12.2,35.7,5.73,62.3,21.3,34.2,19.5,84.0,2.8,1.0
0,10.2,34.4,5.25,65.5,19.5,29.7,15.2,86.0,2.9,0.3
0,11.0,33.0,5.29,62.4,20.8,33.3,16.0,86.4,3.0,0.4
1,10.9,33.0,5.29,69.9,20.7,29.6,14.4,85.9,2.9,1.0
1,9.2,28.5,4.26,67.1,21.5,32.2,19.8,86.52329114,2.588607595,0.769230769
0,9.6,33.2,5.54,59.9,17.3,28.9,26.0,92.4,1.6,0.0
